0,1,2,3
1576,0,700,0.9775504637915751
1576,0,700,0.9775504637915751
1576,0,700,0.9775504637915751
1577,0,700,0.9775504663100543
1575,0,700,0.9775504684022098
1575,0,700,0.9775504684022098
1574,0,700,0.9775504801607405
1574,0,700,0.9775504801607405
1573,0,700,0.9775504990859983
1573,0,700,0.9775504990859983
1572,0,700,0.9775505251968649
1572,0,700,0.9775505251968649
1571,0,700,0.9775505585122708
1571,0,700,0.9775505585122708
1570,0,700,0.977550599051197
1570,0,700,0.977550599051197
1569,0,700,0.9775506468326747
1569,0,700,0.9775506468326747
1568,0,700,0.9775507018757845
1568,0,700,0.9775507018757845
1567,0,700,0.9775507641996587
1567,0,700,0.9775507641996587
1566,0,700,0.9775508338234791
1566,0,700,0.9775508338234791
1565,0,700,0.977550910766478
1565,0,700,0.977550910766478
1564,0,700,0.9775509950479396
1564,0,700,0.9775509950479396
1563,0,700,0.977551086687198
1563,0,700,0.977551086687198
1562,0,700,0.9775511857036393
1562,0,700,0.9775511857036393
1561,0,700,0.9775512921167
1561,0,700,0.9775512921167
1560,0,700,0.9775514059458692
1560,0,700,0.9775514059458692
1559,0,700,0.9775515272106859
1559,0,700,0.9775515272106859
1558,0,700,0.9775516559307424
1558,0,700,0.9775516559307424
1557,0,700,0.9775517921256819
1557,0,700,0.9775517921256819
1556,0,700,0.9775519358152003
1556,0,700,0.9775519358152003
1555,0,700,0.9775520870190453
1555,0,700,0.9775520870190453
1554,0,700,0.9775522457570167
1554,0,700,0.9775522457570167
1553,0,700,0.9775524120489676
1553,0,700,0.9775524120489676
1552,0,700,0.9775525859148027
1552,0,700,0.9775525859148027
1551,0,700,0.9775527673744805
1551,0,700,0.9775527673744805
1550,0,700,0.9775529564480115
1550,0,700,0.9775529564480115
1549,0,700,0.9775531531554604
1549,0,700,0.9775531531554604
1548,0,700,0.9775533575169443
1548,0,700,0.9775533575169443
1547,0,700,0.9775535695526337
1547,0,700,0.9775535695526337
1546,0,700,0.9775537892827538
1546,0,700,0.9775537892827538
1545,0,700,0.9775540167275822
1545,0,700,0.9775540167275822
1544,0,700,0.9775542519074507
1544,0,700,0.9775542519074507
1543,0,700,0.9775544948427461
1543,0,700,0.9775544948427461
1542,0,700,0.9775547455539088
1542,0,700,0.9775547455539088
1541,0,700,0.9775550040614326
1541,0,700,0.9775550040614326
1540,0,700,0.9775552703858675
1540,0,700,0.9775552703858675
1539,0,700,0.9775555445478178
1539,0,700,0.9775555445478178
1538,0,700,0.9775558265679417
1538,0,700,0.9775558265679417
1537,0,700,0.9775561164669531
1537,0,700,0.9775561164669531
1536,0,700,0.9775564142656216
1536,0,700,0.9775564142656216
1535,0,700,0.9775567199847717
1535,0,700,0.9775567199847717
1534,0,700,0.9775570336452829
1534,0,700,0.9775570336452829
1533,0,700,0.977557355268091
1533,0,700,0.977557355268091
1532,0,700,0.9775576848741876
1532,0,700,0.9775576848741876
1531,0,700,0.9775580224846204
1531,0,700,0.9775580224846204
1530,0,700,0.9775583681204931
1530,0,700,0.9775583681204931
1529,0,700,0.9775587218029658
1529,0,700,0.9775587218029658
1528,0,700,0.9775590835532549
1528,0,700,0.9775590835532549
1527,0,700,0.977559453392634
1527,0,700,0.977559453392634
1526,0,700,0.9775598313424332
1526,0,700,0.9775598313424332
1525,0,700,0.9775602174240399
1525,0,700,0.9775602174240399
1524,0,700,0.9775606116588981
1524,0,700,0.9775606116588981
1523,0,700,0.9775610140685098
1523,0,700,0.9775610140685098
1522,0,700,0.9775614246744346
1522,0,700,0.9775614246744346
1521,0,700,0.9775618434982892
1521,0,700,0.9775618434982892
1520,0,700,0.9775622705617488
1520,0,700,0.9775622705617488
1519,0,700,0.9775627058865461
1519,0,700,0.9775627058865461
1518,0,700,0.9775631494944726
1518,0,700,0.9775631494944726
1517,0,700,0.9775636014073779
1517,0,700,0.9775636014073779
1516,0,700,0.97756406164717
1516,0,700,0.97756406164717
1515,0,700,0.9775645302358162
1515,0,700,0.9775645302358162
1514,0,700,0.9775650071953422
1514,0,700,0.9775650071953422
1513,0,700,0.9775654925478333
1513,0,700,0.9775654925478333
1512,0,700,0.9775659863154336
1512,0,700,0.9775659863154336
1511,0,700,0.9775664885203468
1511,0,700,0.9775664885203468
1510,0,700,0.9775669991848366
1510,0,700,0.9775669991848366
1509,0,700,0.9775675183312259
1509,0,700,0.9775675183312259
1508,0,700,0.9775680459818984
1508,0,700,0.9775680459818984
1507,0,700,0.9775685821592971
1507,0,700,0.9775685821592971
1506,0,700,0.9775691268859262
1506,0,700,0.9775691268859262
1505,0,700,0.9775696801843499
1505,0,700,0.9775696801843499
1504,0,700,0.9775702420771928
1504,0,700,0.9775702420771928
1503,0,700,0.9775708125871418
1503,0,700,0.9775708125871418
1502,0,700,0.9775713917369433
1502,0,700,0.9775713917369433
1501,0,700,0.9775719795494059
1501,0,700,0.9775719795494059
1500,0,700,0.9775725760473992
1500,0,700,0.9775725760473992
1499,0,700,0.9775731812538547
1499,0,700,0.9775731812538547
1498,0,700,0.9775737951917658
1498,0,700,0.9775737951917658
1497,0,700,0.9775744178841882
1497,0,700,0.9775744178841882
1496,0,700,0.9775750493542387
1496,0,700,0.9775750493542387
1495,0,700,0.9775756896250971
1495,0,700,0.9775756896250971
1494,0,700,0.9775763387200068
1494,0,700,0.9775763387200068
1493,0,700,0.9775769966622722
1493,0,700,0.9775769966622722
1492,0,700,0.9775776634752623
1492,0,700,0.9775776634752623
1491,0,700,0.9775783391824074
1491,0,700,0.9775783391824074
1490,0,700,0.9775790238072031
1490,0,700,0.9775790238072031
1489,0,700,0.9775797173732076
1489,0,700,0.9775797173732076
1488,0,700,0.9775804199040423
1488,0,700,0.9775804199040423
1487,0,700,0.9775811314233931
1487,0,700,0.9775811314233931
1486,0,700,0.9775818519550105
1486,0,700,0.9775818519550105
1485,0,700,0.9775825815227083
1485,0,700,0.9775825815227083
1484,0,700,0.9775833201503655
1484,0,700,0.9775833201503655
1483,0,700,0.9775840678619256
1483,0,700,0.9775840678619256
1482,0,700,0.9775848246813968
1482,0,700,0.9775848246813968
1481,0,700,0.9775855906328531
1481,0,700,0.9775855906328531
1480,0,700,0.9775863657404322
1480,0,700,0.9775863657404322
1479,0,700,0.9775871500283392
1479,0,700,0.9775871500283392
1478,0,700,0.9775879435208437
1478,0,700,0.9775879435208437
1477,0,700,0.9775887462422812
1477,0,700,0.9775887462422812
1476,0,700,0.9775895582170542
1476,0,700,0.9775895582170542
1475,0,700,0.9775903794696303
1475,0,700,0.9775903794696303
1474,0,700,0.9775912100245442
1474,0,700,0.9775912100245442
1473,0,700,0.9775920499063975
1473,0,700,0.9775920499063975
1472,0,700,0.9775928991398579
1472,0,700,0.9775928991398579
1471,0,700,0.977593757749661
1471,0,700,0.977593757749661
1470,0,700,0.9775946257606092
1470,0,700,0.9775946257606092
1469,0,700,0.9775955031975727
1469,0,700,0.9775955031975727
1468,0,700,0.9775963900854894
1468,0,700,0.9775963900854894
1467,0,700,0.9775972864493646
1467,0,700,0.9775972864493646
1466,0,700,0.9775981923142727
1466,0,700,0.9775981923142727
1465,0,700,0.9775991077053554
1465,0,700,0.9775991077053554
1464,0,700,0.9776000326478234
1464,0,700,0.9776000326478234
1463,0,700,0.9776009671669563
1463,0,700,0.9776009671669563
1462,0,700,0.9776019112881024
1462,0,700,0.9776019112881024
1461,0,700,0.9776028650366791
1461,0,700,0.9776028650366791
1460,0,700,0.9776038284381738
1460,0,700,0.9776038284381738
1459,0,700,0.9776048015181426
1459,0,700,0.9776048015181426
1458,0,700,0.9776057843022116
1458,0,700,0.9776057843022116
1457,0,700,0.9776067768160777
1457,0,700,0.9776067768160777
1456,0,700,0.9776077790855067
1456,0,700,0.9776077790855067
1455,0,700,0.9776087911363364
1455,0,700,0.9776087911363364
1454,0,700,0.9776098129944741
1454,0,700,0.9776098129944741
1453,0,700,0.9776108446858984
1453,0,700,0.9776108446858984
1452,0,700,0.977611886236659
1452,0,700,0.977611886236659
1451,0,700,0.9776129376728766
1451,0,700,0.9776129376728766
1450,0,700,0.9776139990207436
1450,0,700,0.9776139990207436
1449,0,700,0.9776150703065251
1449,0,700,0.9776150703065251
1448,0,700,0.9776161515565561
1448,0,700,0.9776161515565561
1447,0,700,0.9776172427972459
1447,0,700,0.9776172427972459
1446,0,700,0.977618344055075
1446,0,700,0.977618344055075
1445,0,700,0.9776194553565968
1445,0,700,0.9776194553565968
1444,0,700,0.9776205767284378
1444,0,700,0.9776205767284378
1443,0,700,0.9776217081972972
1443,0,700,0.9776217081972972
1442,0,700,0.9776228497899478
1442,0,700,0.9776228497899478
1441,0,700,0.9776240015332356
1441,0,700,0.9776240015332356
1440,0,700,0.9776251634540813
1440,0,700,0.9776251634540813
1439,0,700,0.9776263355794781
1439,0,700,0.9776263355794781
1438,0,700,0.9776275179364946
1438,0,700,0.9776275179364946
1437,0,700,0.9776287105522735
1437,0,700,0.9776287105522735
1436,0,700,0.977629913454032
1436,0,700,0.977629913454032
1435,0,700,0.9776311266690626
1435,0,700,0.9776311266690626
1434,0,700,0.9776323502247324
1434,0,700,0.9776323502247324
1433,0,700,0.9776335841484843
1433,0,700,0.9776335841484843
1432,0,700,0.9776348284678369
1432,0,700,0.9776348284678369
1431,0,700,0.9776360832103838
1431,0,700,0.9776360832103838
1430,0,700,0.9776373484037955
1430,0,700,0.9776373484037955
1429,0,700,0.9776386240758191
1429,0,700,0.9776386240758191
1428,0,700,0.9776399102542772
1428,0,700,0.9776399102542772
1427,0,700,0.9776412069670698
1427,0,700,0.9776412069670698
1426,0,700,0.9776425142421739
1426,0,700,0.9776425142421739
1425,0,700,0.9776438321076435
1425,0,700,0.9776438321076435
1424,0,700,0.9776451605916106
1424,0,700,0.9776451605916106
1423,0,700,0.9776464997222845
1423,0,700,0.9776464997222845
1422,0,700,0.9776478495279527
1422,0,700,0.9776478495279527
1421,0,700,0.9776492100369804
1421,0,700,0.9776492100369804
1420,0,700,0.9776505812778121
1420,0,700,0.9776505812778121
1419,0,700,0.9776519632789706
1419,0,700,0.9776519632789706
1418,0,700,0.9776533560690575
1418,0,700,0.9776533560690575
1417,0,700,0.9776547596767536
1417,0,700,0.9776547596767536
1416,0,700,0.9776561741308196
1416,0,700,0.9776561741308196
1415,0,700,0.9776575994600956
1415,0,700,0.9776575994600956
1414,0,700,0.9776590356935011
1414,0,700,0.9776590356935011
1413,0,700,0.9776604828600369
1413,0,700,0.9776604828600369
1412,0,700,0.9776619409887836
1412,0,700,0.9776619409887836
1411,0,700,0.9776634101089019
1411,0,700,0.9776634101089019
1410,0,700,0.9776648902496349
1410,0,700,0.9776648902496349
1409,0,700,0.9776663814403057
1409,0,700,0.9776663814403057
1408,0,700,0.977667883710319
1408,0,700,0.977667883710319
1407,0,700,0.9776693970891619
1407,0,700,0.9776693970891619
1406,0,700,0.9776709216064028
1406,0,700,0.9776709216064028
1405,0,700,0.9776724572916924
1405,0,700,0.9776724572916924
1404,0,700,0.9776740041747636
1404,0,700,0.9776740041747636
1403,0,700,0.9776755622854334
1403,0,700,0.9776755622854334
1402,0,700,0.9776771316535998
1402,0,700,0.9776771316535998
1401,0,700,0.9776787123092452
1401,0,700,0.9776787123092452
1400,0,700,0.9776803042824359
1400,0,700,0.9776803042824359
1399,0,700,0.9776819076033207
1399,0,700,0.9776819076033207
1398,0,700,0.9776835223021337
1398,0,700,0.9776835223021337
1397,0,700,0.9776851484091925
1397,0,700,0.9776851484091925
1396,0,700,0.9776867859548992
1396,0,700,0.9776867859548992
1395,0,700,0.9776884349697416
1395,0,700,0.9776884349697416
1394,0,700,0.9776900954842913
1394,0,700,0.9776900954842913
1393,0,700,0.9776917675292063
1393,0,700,0.9776917675292063
1392,0,700,0.9776934511352299
1392,0,700,0.9776934511352299
1391,0,700,0.9776951463331913
1391,0,700,0.9776951463331913
1390,0,700,0.977696853154006
1390,0,700,0.977696853154006
1389,0,700,0.9776985716286752
1389,0,700,0.9776985716286752
1388,0,700,0.9777003017882877
1388,0,700,0.9777003017882877
1387,0,700,0.9777020436640194
1387,0,700,0.9777020436640194
1386,0,700,0.9777037972871324
1386,0,700,0.9777037972871324
1385,0,700,0.9777055626889772
1385,0,700,0.9777055626889772
1384,0,700,0.9777073399009917
1384,0,700,0.9777073399009917
1383,0,700,0.9777091289547023
1383,0,700,0.9777091289547023
1382,0,700,0.9777109298817234
1382,0,700,0.9777109298817234
1381,0,700,0.9777127427137579
1381,0,700,0.9777127427137579
1380,0,700,0.9777145674825983
1380,0,700,0.9777145674825983
1379,0,700,0.9777164042201251
1379,0,700,0.9777164042201251
1378,0,700,0.97771825295831
1378,0,700,0.97771825295831
1377,0,700,0.9777201137292127
1377,0,700,0.9777201137292127
1376,0,700,0.9777219865649847
1376,0,700,0.9777219865649847
1375,0,700,0.9777238714978655
1375,0,700,0.9777238714978655
1374,0,700,0.9777257685601877
1374,0,700,0.9777257685601877
1373,0,700,0.9777276777843734
1373,0,700,0.9777276777843734
1372,0,700,0.9777295992029361
1372,0,700,0.9777295992029361
1371,0,700,0.9777315328484808
1371,0,700,0.9777315328484808
1370,0,700,0.9777334787537046
1370,0,700,0.9777334787537046
1369,0,700,0.9777354369513963
1369,0,700,0.9777354369513963
1368,0,700,0.9777374074744374
1368,0,700,0.9777374074744374
1367,0,700,0.9777393903558015
1367,0,700,0.9777393903558015
1366,0,700,0.9777413856285553
1366,0,700,0.9777413856285553
1365,0,700,0.9777433933258594
1365,0,700,0.9777433933258594
1364,0,700,0.9777454134809672
1364,0,700,0.9777454134809672
1363,0,700,0.9777474461272263
1363,0,700,0.9777474461272263
1362,0,700,0.9777494912980781
1362,0,700,0.9777494912980781
1361,0,700,0.977751549027059
1361,0,700,0.977751549027059
1360,0,700,0.9777536193477991
1360,0,700,0.9777536193477991
1359,0,700,0.9777557022940251
1359,0,700,0.9777557022940251
1358,0,700,0.9777577978995572
1358,0,700,0.9777577978995572
1357,0,700,0.9777599061983127
1357,0,700,0.9777599061983127
1356,0,700,0.9777620272243045
1356,0,700,0.9777620272243045
1355,0,700,0.9777641610116412
1355,0,700,0.9777641610116412
1354,0,700,0.9777663075945285
1354,0,700,0.9777663075945285
1353,0,700,0.9777684670072685
1353,0,700,0.9777684670072685
1352,0,700,0.9777706392842611
1352,0,700,0.9777706392842611
1351,0,700,0.9777728244600035
1351,0,700,0.9777728244600035
1350,0,700,0.97777502256909
1350,0,700,0.97777502256909
1349,0,700,0.977777233646214
1349,0,700,0.977777233646214
1348,0,700,0.9777794577261669
1348,0,700,0.9777794577261669
1347,0,700,0.9777816948438384
1347,0,700,0.9777816948438384
1346,0,700,0.9777839450342182
1346,0,700,0.9777839450342182
1345,0,700,0.9777862083323948
1345,0,700,0.9777862083323948
1344,0,700,0.9777884847735557
1344,0,700,0.9777884847735557
1343,0,700,0.9777907743929901
1343,0,700,0.9777907743929901
1342,0,700,0.977793077226086
1342,0,700,0.977793077226086
1341,0,700,0.977795393308333
1341,0,700,0.977795393308333
1340,0,700,0.9777977226753212
1340,0,700,0.9777977226753212
1339,0,700,0.9778000653627422
1339,0,700,0.9778000653627422
1338,0,700,0.9778024214063887
1338,0,700,0.9778024214063887
1337,0,700,0.9778047908421563
1337,0,700,0.9778047908421563
1336,0,700,0.9778071737060423
1336,0,700,0.9778071737060423
1335,0,700,0.9778095700341466
1335,0,700,0.9778095700341466
1334,0,700,0.977811979862672
1334,0,700,0.977811979862672
1333,0,700,0.977814403227925
1333,0,700,0.977814403227925
1332,0,700,0.9778168401663152
1332,0,700,0.9778168401663152
1331,0,700,0.9778192907143564
1331,0,700,0.9778192907143564
1330,0,700,0.9778217549086666
1330,0,700,0.9778217549086666
1329,0,700,0.9778242327859683
1329,0,700,0.9778242327859683
1328,0,700,0.9778267243830894
1328,0,700,0.9778267243830894
1327,0,700,0.9778292297369628
1327,0,700,0.9778292297369628
1326,0,700,0.9778317488846265
1326,0,700,0.9778317488846265
1325,0,700,0.9778342818632253
1325,0,700,0.9778342818632253
1324,0,700,0.9778368287100101
1324,0,700,0.9778368287100101
1323,0,700,0.9778393894623381
1323,0,700,0.9778393894623381
1322,0,700,0.9778419641576732
1322,0,700,0.9778419641576732
1321,0,700,0.9778445528335882
1321,0,700,0.9778445528335882
1320,0,700,0.9778471555277622
1320,0,700,0.9778471555277622
1319,0,700,0.9778497722779824
1319,0,700,0.9778497722779824
1318,0,700,0.9778524031221448
1318,0,700,0.9778524031221448
1317,0,700,0.9778550480982544
1317,0,700,0.9778550480982544
1316,0,700,0.9778577072444244
1316,0,700,0.9778577072444244
1315,0,700,0.9778603805988783
1315,0,700,0.9778603805988783
1314,0,700,0.977863068199949
1314,0,700,0.977863068199949
1313,0,700,0.9778657700860796
1313,0,700,0.9778657700860796
1312,0,700,0.9778684862958242
1312,0,700,0.9778684862958242
1311,0,700,0.9778712168678466
1311,0,700,0.9778712168678466
1310,0,700,0.9778739618409231
1310,0,700,0.9778739618409231
1309,0,700,0.9778767212539411
1309,0,700,0.9778767212539411
1308,0,700,0.9778794951458997
1308,0,700,0.9778794951458997
1307,0,700,0.9778822835559109
1307,0,700,0.9778822835559109
1306,0,700,0.9778850865231988
1306,0,700,0.9778850865231988
1305,0,700,0.9778879040871008
1305,0,700,0.9778879040871008
1304,0,700,0.977890736287068
1304,0,700,0.977890736287068
1303,0,700,0.9778935831626652
1303,0,700,0.9778935831626652
1302,0,700,0.9778964447535708
1302,0,700,0.9778964447535708
1301,0,700,0.9778993210995787
1301,0,700,0.9778993210995787
1300,0,700,0.9779022122405967
1300,0,700,0.9779022122405967
1299,0,700,0.9779051182166486
1299,0,700,0.9779051182166486
1298,0,700,0.9779080390678739
1298,0,700,0.9779080390678739
1297,0,700,0.9779109748345279
1297,0,700,0.9779109748345279
1296,0,700,0.9779139255569821
1296,0,700,0.9779139255569821
1295,0,700,0.9779168912757252
1295,0,700,0.9779168912757252
1294,0,700,0.9779198720313628
1294,0,700,0.9779198720313628
1293,0,700,0.9779228678646188
1293,0,700,0.9779228678646188
1292,0,700,0.9779258788163337
1292,0,700,0.9779258788163337
1291,0,700,0.9779289049274676
1291,0,700,0.9779289049274676
1290,0,700,0.9779319462390992
1290,0,700,0.9779319462390992
1289,0,700,0.9779350027924257
1289,0,700,0.9779350027924257
1288,0,700,0.9779380746287638
1288,0,700,0.9779380746287638
1287,0,700,0.977941161789551
1287,0,700,0.977941161789551
1286,0,700,0.9779442643163442
1286,0,700,0.9779442643163442
1285,0,700,0.9779473822508213
1285,0,700,0.9779473822508213
1284,0,700,0.9779505156347817
1284,0,700,0.9779505156347817
1283,0,700,0.9779536645101461
1283,0,700,0.9779536645101461
1282,0,700,0.9779568289189564
1282,0,700,0.9779568289189564
1281,0,700,0.9779600089033776
1281,0,700,0.9779600089033776
1280,0,700,0.9779632045056972
1280,0,700,0.9779632045056972
1279,0,700,0.9779664157683254
1279,0,700,0.9779664157683254
1278,0,700,0.9779696427337967
1278,0,700,0.9779696427337967
1277,0,700,0.9779728854447689
1277,0,700,0.9779728854447689
1276,0,700,0.9779761439440242
1276,0,700,0.9779761439440242
1275,0,700,0.9779794182744701
1275,0,700,0.9779794182744701
1274,0,700,0.977982708479138
1274,0,700,0.977982708479138
1273,0,700,0.9779860146011865
1273,0,700,0.9779860146011865
1272,0,700,0.9779893366838985
1272,0,700,0.9779893366838985
1271,0,700,0.9779926747706851
1271,0,700,0.9779926747706851
1270,0,700,0.9779960289050823
1270,0,700,0.9779960289050823
1269,0,700,0.9779993991307551
1269,0,700,0.9779993991307551
1268,0,700,0.9780027854914947
1268,0,700,0.9780027854914947
1267,0,700,0.9780061880312213
1267,0,700,0.9780061880312213
1266,0,700,0.9780096067939832
1266,0,700,0.9780096067939832
1265,0,700,0.978013041823958
1265,0,700,0.978013041823958
1264,0,700,0.978016493165452
1264,0,700,0.978016493165452
1263,0,700,0.9780199608629019
1263,0,700,0.9780199608629019
1262,0,700,0.9780234449608745
1262,0,700,0.9780234449608745
1261,0,700,0.9780269455040671
1261,0,700,0.9780269455040671
1260,0,700,0.9780304625373079
1260,0,700,0.9780304625373079
1259,0,700,0.9780339961055574
1259,0,700,0.9780339961055574
1258,0,700,0.978037546253907
1258,0,700,0.978037546253907
1257,0,700,0.9780411130275812
1257,0,700,0.9780411130275812
1256,0,700,0.9780446964719371
1256,0,700,0.9780446964719371
1255,0,700,0.9780482966324652
1255,0,700,0.9780482966324652
1254,0,700,0.9780519135547898
1254,0,700,0.9780519135547898
1253,0,700,0.978055547284669
1253,0,700,0.978055547284669
1252,0,700,0.9780591978679958
1252,0,700,0.9780591978679958
1251,0,700,0.9780628653507981
1251,0,700,0.9780628653507981
1250,0,700,0.9780665497792398
1250,0,700,0.9780665497792398
1249,0,700,0.9780702511996204
1249,0,700,0.9780702511996204
1248,0,700,0.978073969658375
1248,0,700,0.978073969658375
1247,0,700,0.9780777052020775
1247,0,700,0.9780777052020775
1246,0,700,0.9780814578774374
1246,0,700,0.9780814578774374
1245,0,700,0.9780852277313029
1245,0,700,0.9780852277313029
1244,0,700,0.9780890148106604
1244,0,700,0.9780890148106604
1243,0,700,0.9780928191626341
1243,0,700,0.9780928191626341
1242,0,700,0.9780966408344888
1242,0,700,0.9780966408344888
1241,0,700,0.9781004798736282
1241,0,700,0.9781004798736282
1240,0,700,0.978104336327596
1240,0,700,0.978104336327596
1239,0,700,0.978108210244077
1239,0,700,0.978108210244077
1238,0,700,0.9781121016708966
1238,0,700,0.9781121016708966
1237,0,700,0.9781160106560217
1237,0,700,0.9781160106560217
1236,0,700,0.9781199372475615
1236,0,700,0.9781199372475615
1235,0,700,0.9781238814937683
1235,0,700,0.9781238814937683
1234,0,700,0.9781278434430357
1234,0,700,0.9781278434430357
1233,0,700,0.9781318231439019
1233,0,700,0.9781318231439019
1232,0,700,0.9781358206450497
1232,0,700,0.9781358206450497
1231,0,700,0.9781398359953047
1231,0,700,0.9781398359953047
1230,0,700,0.9781438692436382
1230,0,700,0.9781438692436382
1229,0,700,0.9781479204391677
1229,0,700,0.9781479204391677
1228,0,700,0.9781519896311548
1228,0,700,0.9781519896311548
1227,0,700,0.9781560768690093
1227,0,700,0.9781560768690093
1226,0,700,0.9781601822022863
1226,0,700,0.9781601822022863
1225,0,700,0.9781643056806896
1225,0,700,0.9781643056806896
1224,0,700,0.9781684473540698
1224,0,700,0.9781684473540698
1223,0,700,0.9781706302508517
1223,0,700,0.9781706302508517
1222,0,700,0.9781725525941694
1222,0,700,0.9781725525941694
1221,0,700,0.9781744924281622
1221,0,700,0.9781744924281622
1220,0,700,0.978176449804037
1220,0,700,0.978176449804037
1219,0,700,0.9781784247731562
1219,0,700,0.9781784247731562
1218,0,700,0.9781804173870381
1218,0,700,0.9781804173870381
1217,0,700,0.9781824276973589
1217,0,700,0.9781824276973589
1216,0,700,0.9781844557559513
1216,0,700,0.9781844557559513
1215,0,700,0.9781865016148064
1215,0,700,0.9781865016148064
1214,0,700,0.9781885653260741
1214,0,700,0.9781885653260741
1213,0,700,0.9781906469420631
1213,0,700,0.9781906469420631
1212,0,700,0.9781927465152411
1212,0,700,0.9781927465152411
1211,0,700,0.9781948640982376
1211,0,700,0.9781948640982376
1210,0,700,0.9781969997438403
1210,0,700,0.9781969997438403
1209,0,700,0.978199153505001
1209,0,700,0.978199153505001
1208,0,700,0.978201325434831
1208,0,700,0.978201325434831
1207,0,700,0.9782035155866052
1207,0,700,0.9782035155866052
1206,0,700,0.9782057240137609
1206,0,700,0.9782057240137609
1205,0,700,0.9782079507698996
1205,0,700,0.9782079507698996
1204,0,700,0.9782101959087858
1204,0,700,0.9782101959087858
1203,0,700,0.9782124594843491
1203,0,700,0.9782124594843491
1202,0,700,0.9782147415506846
1202,0,700,0.9782147415506846
1201,0,700,0.9782170421620527
1201,0,700,0.9782170421620527
1200,0,700,0.9782193613728803
1200,0,700,0.9782193613728803
1199,0,700,0.9782216992377611
1199,0,700,0.9782216992377611
1198,0,700,0.9782240558114565
1198,0,700,0.9782240558114565
1197,0,700,0.9782264311488957
1197,0,700,0.9782264311488957
1196,0,700,0.9782288253051764
1196,0,700,0.9782288253051764
1195,0,700,0.9782312383355657
1195,0,700,0.9782312383355657
1194,0,700,0.9782336702955007
1194,0,700,0.9782336702955007
1193,0,700,0.9782361212405888
1193,0,700,0.9782361212405888
1192,0,700,0.9782385912266077
1192,0,700,0.9782385912266077
1191,0,700,0.9782410803095074
1191,0,700,0.9782410803095074
1190,0,700,0.9782435885454099
1190,0,700,0.9782435885454099
1189,0,700,0.9782461159906102
1189,0,700,0.9782461159906102
1188,0,700,0.9782486627015755
1188,0,700,0.9782486627015755
1187,0,700,0.9782512287349484
1187,0,700,0.9782512287349484
1186,0,700,0.978253814147545
1186,0,700,0.978253814147545
1185,0,700,0.9782564189963574
1185,0,700,0.9782564189963574
1184,0,700,0.9782590433385527
1184,0,700,0.9782590433385527
1183,0,700,0.9782616872314747
1183,0,700,0.9782616872314747
1182,0,700,0.978264350732644
1182,0,700,0.978264350732644
1181,0,700,0.9782670338997594
1181,0,700,0.9782670338997594
1180,0,700,0.9782697367906974
1180,0,700,0.9782697367906974
1179,0,700,0.9782724594635129
1179,0,700,0.9782724594635129
1178,0,700,0.9782752019764412
1178,0,700,0.9782752019764412
1177,0,700,0.9782779643878975
1177,0,700,0.9782779643878975
1176,0,700,0.9782807467564771
1176,0,700,0.9782807467564771
1175,0,700,0.9782835491409566
1175,0,700,0.9782835491409566
1174,0,700,0.9782863716002963
1174,0,700,0.9782863716002963
1173,0,700,0.9782892141936361
1173,0,700,0.9782892141936361
1172,0,700,0.978292076980302
1172,0,700,0.978292076980302
1171,0,700,0.9782949600198023
1171,0,700,0.9782949600198023
1170,0,700,0.9782978633718302
1170,0,700,0.9782978633718302
1169,0,700,0.978300787096264
1169,0,700,0.978300787096264
1168,0,700,0.9783037312531684
1168,0,700,0.9783037312531684
1167,0,700,0.9783066959027932
1167,0,700,0.9783066959027932
1166,0,700,0.9783096811055769
1166,0,700,0.9783096811055769
1165,0,700,0.978312686922145
1165,0,700,0.978312686922145
1164,0,700,0.9783157134133111
1164,0,700,0.9783157134133111
1163,0,700,0.9783187606400787
1163,0,700,0.9783187606400787
1162,0,700,0.9783218286636403
1162,0,700,0.9783218286636403
1161,0,700,0.9783249175453796
1161,0,700,0.9783249175453796
1160,0,700,0.9783280273468706
1160,0,700,0.9783280273468706
1159,0,700,0.9783311581298791
1159,0,700,0.9783311581298791
1158,0,700,0.9783343099563643
1158,0,700,0.9783343099563643
1157,0,700,0.9783374828884773
1157,0,700,0.9783374828884773
1156,0,700,0.9783406769885638
1156,0,700,0.9783406769885638
1155,0,700,0.9783438923191633
1155,0,700,0.9783438923191633
1154,0,700,0.9783471289430113
1154,0,700,0.9783471289430113
1153,0,700,0.9783503869230387
1153,0,700,0.9783503869230387
1152,0,700,0.9783536663223725
1152,0,700,0.9783536663223725
1151,0,700,0.9783569672043374
1151,0,700,0.9783569672043374
1150,0,700,0.9783602896324561
1150,0,700,0.9783602896324561
1149,0,700,0.9783636336704497
1149,0,700,0.9783636336704497
1148,0,700,0.9783669993822384
1148,0,700,0.9783669993822384
1147,0,700,0.9783703868319431
1147,0,700,0.9783703868319431
1146,0,700,0.9783737960838846
1146,0,700,0.9783737960838846
1145,0,700,0.9783772272025858
1145,0,700,0.9783772272025858
1144,0,700,0.978380680252771
1144,0,700,0.978380680252771
1143,0,700,0.9783841552993684
1143,0,700,0.9783841552993684
1142,0,700,0.9783876524075089
1142,0,700,0.9783876524075089
1141,0,700,0.9783911716425279
1141,0,700,0.9783911716425279
1140,0,700,0.9783947130699664
1140,0,700,0.9783947130699664
1139,0,700,0.9783982767555699
1139,0,700,0.9783982767555699
1138,0,700,0.9784018627652916
1138,0,700,0.9784018627652916
1137,0,700,0.9784054711652914
1137,0,700,0.9784054711652914
1136,0,700,0.9784091020219374
1136,0,700,0.9784091020219374
1135,0,700,0.9784127554018053
1135,0,700,0.9784127554018053
1134,0,700,0.9784164313716821
1134,0,700,0.9784164313716821
1133,0,700,0.9784201299985632
1133,0,700,0.9784201299985632
1132,0,700,0.9784238513496559
1132,0,700,0.9784238513496559
1131,0,700,0.9784275954923791
1131,0,700,0.9784275954923791
1130,0,700,0.9784313624943637
1130,0,700,0.9784313624943637
1129,0,700,0.978435152423454
1129,0,700,0.978435152423454
1128,0,700,0.9784389653477087
1128,0,700,0.9784389653477087
1127,0,700,0.9784428013353998
1127,0,700,0.9784428013353998
1126,0,700,0.9784466604550164
1126,0,700,0.9784466604550164
1125,0,700,0.978450542775263
1125,0,700,0.978450542775263
1124,0,700,0.9784544483650608
1124,0,700,0.9784544483650608
1123,0,700,0.9784583772935497
1123,0,700,0.9784583772935497
1122,0,700,0.9784623296300874
1122,0,700,0.9784623296300874
1121,0,700,0.9784663054442507
1121,0,700,0.9784663054442507
1120,0,700,0.9784703048058377
1120,0,700,0.9784703048058377
1119,0,700,0.9784743277848663
1119,0,700,0.9784743277848663
1118,0,700,0.9784783744515764
1118,0,700,0.9784783744515764
1117,0,700,0.9784824448764305
1117,0,700,0.9784824448764305
1116,0,700,0.9784865391301141
1116,0,700,0.9784865391301141
1115,0,700,0.9784906572835375
1115,0,700,0.9784906572835375
1114,0,700,0.9784947994078351
1114,0,700,0.9784947994078351
1113,0,700,0.9784989655743669
1113,0,700,0.9784989655743669
1112,0,700,0.9785031558547203
1112,0,700,0.9785031558547203
1111,0,700,0.9785073703207091
1111,0,700,0.9785073703207091
1110,0,700,0.9785116090443763
1110,0,700,0.9785116090443763
1109,0,700,0.9785158720979923
1109,0,700,0.9785158720979923
1108,0,700,0.9785201595540586
1108,0,700,0.9785201595540586
1107,0,700,0.9785244714853064
1107,0,700,0.9785244714853064
1106,0,700,0.9785288079646995
1106,0,700,0.9785288079646995
1105,0,700,0.9785331690654326
1105,0,700,0.9785331690654326
1104,0,700,0.9785375548609347
1104,0,700,0.9785375548609347
1103,0,700,0.9785419654248673
1103,0,700,0.9785419654248673
1102,0,700,0.9785464008311282
1102,0,700,0.9785464008311282
1101,0,700,0.97855086115385
1101,0,700,0.97855086115385
1100,0,700,0.978555346467402
1100,0,700,0.978555346467402
1099,0,700,0.9785598568463906
1099,0,700,0.9785598568463906
1098,0,700,0.9785643923656607
1098,0,700,0.9785643923656607
1097,0,700,0.9785689531002962
1097,0,700,0.9785689531002962
1096,0,700,0.9785735391256207
1096,0,700,0.9785735391256207
1095,0,700,0.9785781505171989
1095,0,700,0.9785781505171989
1094,0,700,0.9785827873508366
1094,0,700,0.9785827873508366
1093,0,700,0.9785874497025829
1093,0,700,0.9785874497025829
1092,0,700,0.9785921376487297
1092,0,700,0.9785921376487297
1091,0,700,0.9785968512658135
1091,0,700,0.9785968512658135
1090,0,700,0.9786015906306158
1090,0,700,0.9786015906306158
1089,0,700,0.9786063558201639
1089,0,700,0.9786063558201639
1088,0,700,0.9786111469117332
1088,0,700,0.9786111469117332
1087,0,700,0.9786159639828453
1087,0,700,0.9786159639828453
1086,0,700,0.9786208071112721
1086,0,700,0.9786208071112721
1085,0,700,0.9786256763750342
1085,0,700,0.9786256763750342
1084,0,700,0.9786305718524028
1084,0,700,0.9786305718524028
1083,0,700,0.9786354936219009
1083,0,700,0.9786354936219009
1082,0,700,0.9786404417623041
1082,0,700,0.9786404417623041
1081,0,700,0.978645416352641
1081,0,700,0.978645416352641
1080,0,700,0.9786504174721943
1080,0,700,0.9786504174721943
1079,0,700,0.9786554452005017
1079,0,700,0.9786554452005017
1078,0,700,0.9786604996173579
1078,0,700,0.9786604996173579
1077,0,700,0.9786655808028137
1077,0,700,0.9786655808028137
1076,0,700,0.9786706888371783
1076,0,700,0.9786706888371783
1075,0,700,0.9786758238010199
1075,0,700,0.9786758238010199
1074,0,700,0.9786809857751658
1074,0,700,0.9786809857751658
1073,0,700,0.9786861748407054
1073,0,700,0.9786861748407054
1072,0,700,0.9786913910789891
1072,0,700,0.9786913910789891
1071,0,700,0.9786966345716294
1071,0,700,0.9786966345716294
1070,0,700,0.9787019054005034
1070,0,700,0.9787019054005034
1069,0,700,0.9787072036477532
1069,0,700,0.9787072036477532
1068,0,700,0.978712529395785
1068,0,700,0.978712529395785
1067,0,700,0.9787178827272734
1067,0,700,0.9787178827272734
1066,0,700,0.9787232637251592
1066,0,700,0.9787232637251592
1065,0,700,0.9787286724726519
1065,0,700,0.9787286724726519
1064,0,700,0.9787341090532312
1064,0,700,0.9787341090532312
1063,0,700,0.9787395735506471
1063,0,700,0.9787395735506471
1062,0,700,0.978745066048921
1062,0,700,0.978745066048921
1061,0,700,0.9787505866323463
1061,0,700,0.9787505866323463
1060,0,700,0.9787561353854909
1060,0,700,0.9787561353854909
1059,0,700,0.978761712393197
1059,0,700,0.978761712393197
1058,0,700,0.9787673177405816
1058,0,700,0.9787673177405816
1057,0,700,0.9787729515130387
1057,0,700,0.9787729515130387
1056,0,700,0.9787786137962404
1056,0,700,0.9787786137962404
1055,0,700,0.978784304676137
1055,0,700,0.978784304676137
1054,0,700,0.9787900242389578
1054,0,700,0.9787900242389578
1053,0,700,0.9787957725712136
1053,0,700,0.9787957725712136
1052,0,700,0.9788015497596971
1052,0,700,0.9788015497596971
1051,0,700,0.9788073558914827
1051,0,700,0.9788073558914827
1050,0,700,0.9788131910539293
1050,0,700,0.9788131910539293
1049,0,700,0.9788190553346806
1049,0,700,0.9788190553346806
1048,0,700,0.9788249488216662
1048,0,700,0.9788249488216662
1047,0,700,0.9788308716031023
1047,0,700,0.9788308716031023
1046,0,700,0.9788368237674931
1046,0,700,0.9788368237674931
1045,0,700,0.9788428054036323
1045,0,700,0.9788428054036323
1044,0,700,0.9788488166006042
1044,0,700,0.9788488166006042
1043,0,700,0.9788548574477829
1043,0,700,0.9788548574477829
1042,0,700,0.9788609280348357
1042,0,700,0.9788609280348357
1041,0,700,0.9788670284517238
1041,0,700,0.9788670284517238
1040,0,700,0.9788731587887017
1040,0,700,0.9788731587887017
1039,0,700,0.9788793191363205
1039,0,700,0.9788793191363205
1038,0,700,0.978885509585427
1038,0,700,0.978885509585427
1037,0,700,0.9788917302271665
1037,0,700,0.9788917302271665
1036,0,700,0.9788979811529834
1036,0,700,0.9788979811529834
1035,0,700,0.9789042624546216
1035,0,700,0.9789042624546216
1034,0,700,0.9789105742241261
1034,0,700,0.9789105742241261
1033,0,700,0.9789169165538442
1033,0,700,0.9789169165538442
1032,0,700,0.9789232895364274
1032,0,700,0.9789232895364274
1031,0,700,0.97892969326483
1031,0,700,0.97892969326483
1030,0,700,0.9789361278323134
1030,0,700,0.9789361278323134
1029,0,700,0.9789425933324459
1029,0,700,0.9789425933324459
1028,0,700,0.9789490898591023
1028,0,700,0.9789490898591023
1027,0,700,0.9789556175064679
1027,0,700,0.9789556175064679
1026,0,700,0.9789621763690374
1026,0,700,0.9789621763690374
1025,0,700,0.9789687665416171
1025,0,700,0.9789687665416171
1024,0,700,0.9789753881193267
1024,0,700,0.9789753881193267
1023,0,700,0.9789820411975981
1023,0,700,0.9789820411975981
1022,0,700,0.9789887258721792
1022,0,700,0.9789887258721792
1021,0,700,0.9789954422391344
1021,0,700,0.9789954422391344
1020,0,700,0.9790021903948438
1020,0,700,0.9790021903948438
1019,0,700,0.9790089704360077
1019,0,700,0.9790089704360077
1018,0,700,0.9790157824596449
1018,0,700,0.9790157824596449
1017,0,700,0.9790226265630957
1017,0,700,0.9790226265630957
1016,0,700,0.9790295028440219
1016,0,700,0.9790295028440219
1015,0,700,0.9790364114004093
1015,0,700,0.9790364114004093
1014,0,700,0.9790433523305682
1014,0,700,0.9790433523305682
1013,0,700,0.9790503257331338
1013,0,700,0.9790503257331338
1012,0,700,0.9790573317070693
1012,0,700,0.9790573317070693
1011,0,700,0.9790643703516655
1011,0,700,0.9790643703516655
1010,0,700,0.9790714417665426
1010,0,700,0.9790714417665426
1009,0,700,0.9790785460516515
1009,0,700,0.9790785460516515
1008,0,700,0.9790856833072755
1008,0,700,0.9790856833072755
1007,0,700,0.9790928536340309
1007,0,700,0.9790928536340309
1006,0,700,0.979100057132868
1006,0,700,0.979100057132868
1005,0,700,0.9791072939050732
1005,0,700,0.9791072939050732
1004,0,700,0.9791145640522703
1004,0,700,0.9791145640522703
1003,0,700,0.9791218676764202
1003,0,700,0.9791218676764202
1002,0,700,0.9791292048798244
1002,0,700,0.9791292048798244
1001,0,700,0.979136575765125
1001,0,700,0.979136575765125
990,0,700,0.9792199082092687
1000,0,710,0.9792755963333957
980,0,700,0.9792993303447624
990,0,710,0.9793554367725088
970,0,700,0.9793823556799064
1000,0,720,0.9794106766690899
980,0,710,0.9794388239969501
960,0,700,0.9794690967741152
990,0,720,0.9794943915898432
970,0,710,0.9795258673348781
1000,0,730,0.9795490754186745
950,0,700,0.9795596700538176
980,0,720,0.9795817041933987
960,0,710,0.9796166798234609
990,0,730,0.9796366261794132
940,0,700,0.9796541959646965
970,0,720,0.9796727242546037
1000,0,740,0.9796906518760206
950,0,710,0.9797113783530976
980,0,730,0.9797278240203485
930,0,700,0.9797527991307867
960,0,720,0.9797675652439186
990,0,740,0.9797819994358038
940,0,710,0.979810083818053
970,0,730,0.9798227791211646
1000,0,750,0.9798352704450534
920,0,700,0.9798556085207767
950,0,720,0.9798663444701219
980,0,740,0.9798770419995104
930,0,710,0.9799129212738308
960,0,730,0.9799216053427128
990,0,750,0.9799303754188154
910,0,700,0.9799627576218839
940,0,720,0.9799691832293189
970,0,740,0.9799758901112637
1000,0,760,0.9799828004411789
920,0,710,0.9800200201016249
950,0,730,0.9800244203681877
980,0,750,0.9800292218730735
900,0,700,0.9800743846216973
930,0,720,0.9800762069605746
960,0,740,0.9800786579809292
990,0,760,0.9800816231514057
940,0,730,0.980131345850494
910,0,710,0.9801315141802088
970,0,750,0.9801319206774176
1000,0,770,0.980133115901239
980,0,760,0.9801842323981123
950,0,740,0.9801854636237396
920,0,720,0.9801875454084964
890,0,700,0.9801906325983961
990,0,770,0.9802356164263631
960,0,750,0.9802385863508287
930,0,730,0.9802425075661227
900,0,710,0.9802475420656492
1000,0,780,0.9802860954015892
970,0,760,0.9802907393387682
940,0,740,0.9802964290060123
910,0,720,0.9803033327931246
880,0,700,0.9803116497197891
980,0,770,0.9803419471499307
950,0,750,0.9803493371997466
920,0,730,0.9803580355758549
890,0,710,0.9803682471792413
990,0,780,0.9803922336212981
960,0,760,0.980401258763015
930,0,740,0.9804116801972544
900,0,720,0.9804237079875007
870,0,700,0.9804375894516294
1000,0,790,0.9804416218839125
970,0,770,0.9804522194810504
940,0,750,0.980464295462122
910,0,730,0.9804780643926353
880,0,710,0.9804937780040951
980,0,780,0.980502244333918
950,0,760,0.9805159092291692
920,0,740,0.980531347528975
890,0,720,0.9805488147033066
990,0,790,0.9805513575215469
960,0,770,0.9805665484429739
860,0,700,0.9805686107757045
930,0,750,0.9805835874577442
1000,0,800,0.9805995824884115
900,0,730,0.9806027331569901
970,0,780,0.9806162391652695
870,0,710,0.9806242882908276
940,0,760,0.9806348132066004
910,0,740,0.980655565760538
980,0,790,0.9806650066055048
880,0,720,0.9806788016849902
950,0,770,0.9806850528080243
850,0,700,0.9807048784182131
920,0,750,0.9807073437451524
990,0,800,0.9807128751506219
890,0,730,0.9807321858203576
960,0,780,0.980734333336529
930,0,760,0.9807580972242741
1000,0,810,0.9807598683940247
860,0,710,0.9807599372728321
970,0,790,0.9807826809446695
900,0,740,0.9807844742524157
940,0,770,0.9808078552382954
870,0,720,0.980813822912822
980,0,800,0.9808301208978374
910,0,750,0.9808356992854609
840,0,700,0.9808465630889864
950,0,780,0.9808566457975757
880,0,730,0.9808665713367472
990,0,810,0.980876677607852
920,0,760,0.9808858920257565
850,0,710,0.9809008898916364
960,0,790,0.9809044959237816
890,0,740,0.9809182171472057
1000,0,820,0.9809223746653473
930,0,770,0.9809350824324033
970,0,800,0.9809514316895926
860,0,720,0.9809540378153402
900,0,750,0.9809687936134419
940,0,780,0.980983299366008
830,0,700,0.9809938417321317
980,0,810,0.9809974782568031
870,0,730,0.9810060438631522
910,0,760,0.981018332731006
950,0,790,0.981030570635205
990,0,820,0.9810426599128684
840,0,710,0.9810473170328852
880,0,740,0.9810569435588207
920,0,770,0.9810668652785829
960,0,800,0.9810769230411233
1000,0,830,0.9810870001059405
850,0,720,0.9810996114916861
890,0,750,0.9811067710162291
930,0,780,0.9811144208721017
970,0,810,0.9811223824198616
820,0,700,0.9811468977887241
860,0,730,0.9811507629691725
900,0,760,0.9811555590052865
940,0,790,0.9811610280162565
980,0,820,0.9811669736830577
830,0,710,0.9811993957735116
870,0,740,0.9812008077702564
910,0,770,0.9812033390144418
950,0,800,0.9812067141535435
990,0,830,0.9812107208566258
880,0,750,0.9812497807200328
920,0,780,0.9812501413099954
840,0,720,0.981250714944345
960,0,810,0.9812515057109381
1000,0,840,0.9812536471177365
970,0,820,0.9812954281443159
930,0,790,0.9812959949923681
890,0,760,0.9812977152355519
850,0,730,0.9813008938563218
810,0,700,0.9813059214721968
980,0,830,0.981338505980731
940,0,800,0.9813409280494915
900,0,770,0.9813446433937029
860,0,740,0.9813499694403881
820,0,710,0.9813573096407059
990,0,840,0.9813807628586522
950,0,810,0.981384967407464
910,0,780,0.9813905959954088
870,0,750,0.9813979770852646
830,0,720,0.9814075253228496
1000,0,850,0.9814222215662598
960,0,820,0.9814281389786244
920,0,790,0.9814356026263641
880,0,760,0.9814449507146907
840,0,730,0.9814566075875345
970,0,830,0.9814704677071756
800,0,700,0.9814711100571298
930,0,800,0.9814796917144963
890,0,770,0.9814909228602745
850,0,740,0.981504593820256
980,0,840,0.9815119776124923
810,0,710,0.9815212488833123
940,0,810,0.9815228905843487
900,0,780,0.9815359247302134
860,0,750,0.981551519810511
990,0,850,0.9815526918302362
950,0,820,0.9815652255085568
820,0,720,0.9815702261790308
910,0,790,0.9815799862741422
1000,0,860,0.9815926326513968
870,0,760,0.9815974198340099
960,0,830,0.9816067217565888
830,0,730,0.9816180813274048
920,0,800,0.9816231362443458
880,0,770,0.981642326730025
790,0,700,0.9816426681821815
970,0,840,0.9816474036409056
840,0,740,0.9816648519793436
930,0,810,0.9816654022535573
890,0,780,0.981686271974196
980,0,850,0.9816872945606901
800,0,710,0.9816914107563439
940,0,820,0.9817068108295528
850,0,750,0.9817105741458083
990,0,860,0.9817264170432837
900,0,790,0.9817292857470823
810,0,720,0.9817390077344353
950,0,830,0.9817473874667342
860,0,760,0.9817552822843953
1000,0,870,0.9817647927834646
910,0,800,0.981771396998739
820,0,730,0.981785498593729
960,0,840,0.9817871566748855
870,0,770,0.9817990093806352
920,0,810,0.981812633509571
780,0,700,0.9818208081679407
970,0,850,0.9818261420252773
830,0,740,0.981830921042361
880,0,780,0.9818417870243646
930,0,820,0.9818530219477061
980,0,860,0.9818643661942713
790,0,710,0.9818679998193173
840,0,750,0.9818753111156934
890,0,790,0.9818836454815011
940,0,830,0.9818925879231045
990,0,870,0.9819018510045822
800,0,720,0.9819140671605727
850,0,760,0.9819187032665765
900,0,800,0.9819246137615342
950,0,840,0.9819313560386181
1000,0,880,0.9819386174643345
810,0,730,0.9819590495209605
860,0,770,0.9819611304499504
910,0,810,0.9819647196810172
960,0,850,0.9819693499381845
870,0,780,0.9820026242021821
820,0,740,0.9820029844370973
920,0,820,0.9820039899233257
770,0,700,0.98200575035054
970,0,860,0.9820065923523422
930,0,830,0.982042450094928
980,0,870,0.9820431051412299
880,0,790,0.9820432147155047
830,0,750,0.9820459077525513
780,0,710,0.9820512282491892
990,0,880,0.982078909335228
940,0,840,0.9820801247784015
890,0,800,0.9820829309079047
840,0,760,0.9820878537109731
790,0,720,0.9820956088726853
1000,0,890,0.9821140251733893
950,0,850,0.9821170375824001
900,0,810,0.9821218004887629
850,0,770,0.9821288550432506
800,0,730,0.982138931136207
960,0,860,0.9821532111887767
910,0,820,0.98215985002055
860,0,780,0.9821689430491174
810,0,740,0.9821812321539227
970,0,870,0.9821886673970401
920,0,830,0.9821971049768371
760,0,700,0.9821977234319175
870,0,790,0.9822081476736101
820,0,750,0.982222547340789
980,0,880,0.9822234271663173
930,0,840,0.9822335897968741
770,0,710,0.9822413161686919
880,0,800,0.9822464975787502
990,0,890,0.9822575106549808
830,0,760,0.9822629105076149
940,0,850,0.982269327936966
780,0,720,0.9822838448377864
890,0,810,0.9822840202107844
1000,0,900,0.982290937258088
840,0,770,0.9823023539499056
950,0,860,0.9823043419188585
900,0,820,0.982320741863296
790,0,730,0.9823253476484582
960,0,870,0.982338653375332
850,0,780,0.9823409085309401
910,0,830,0.982356687736472
800,0,740,0.9823658610175668
970,0,880,0.9823722830931862
860,0,790,0.9823786037595104
920,0,840,0.9823918819928015
750,0,700,0.982396964847671
980,0,890,0.9824052510537856
810,0,750,0.9824054196724126
870,0,800,0.9824154678627119
930,0,850,0.9824263478094382
990,0,900,0.982437576471322
760,0,710,0.9824384919909351
820,0,760,0.9824440567466621
880,0,810,0.9824515278541441
940,0,860,0.9824601074274633
1000,0,910,0.9824692778289431
770,0,720,0.9824789948977544
830,0,770,0.9824818038698875
890,0,820,0.9824868095978503
950,0,870,0.9824931821982527
780,0,730,0.9825185107517617
840,0,780,0.9825186912511963
900,0,830,0.9825213378682968
960,0,880,0.9825255926271445
850,0,790,0.9825547477574089
910,0,840,0.9825551364066781
790,0,740,0.9825570749718284
970,0,890,0.9825573584145869
920,0,850,0.9825882279737964
980,0,900,0.9825884984949287
860,0,800,0.982590000986177
800,0,750,0.9825947213146068
740,0,700,0.9826037211535035
990,0,910,0.9826190310730124
930,0,860,0.9826206343997603
870,0,810,0.9826244773344213
810,0,760,0.9826314819700782
750,0,710,0.9826429927811893
1000,0,920,0.9826489736587067
940,0,870,0.9826523766307156
880,0,820,0.9826582020624292
820,0,770,0.9826673876506576
760,0,720,0.9826812871083126
950,0,880,0.9826834747728157
890,0,830,0.982691199353929
830,0,780,0.9827024676743377
960,0,890,0.9827139481336137
770,0,730,0.9827186399431045
900,0,840,0.9827234923724248
840,0,790,0.9827367500423368
970,0,900,0.9827438152610523
780,0,740,0.9827550853779209
910,0,850,0.9827551033140599
850,0,800,0.9827702615116612
980,0,910,0.9827730939802075
920,0,860,0.9827860534572568
790,0,750,0.9827906558899625
990,0,920,0.9828018014279393
860,0,810,0.9828030276629623
930,0,870,0.9828163632093498
730,0,700,0.9828182484313379
800,0,760,0.9828253824350424
1000,0,930,0.9828299540855808
870,0,820,0.9828350729640368
940,0,880,0.9828460521504314
740,0,710,0.9828550646368215
810,0,770,0.9828592945349649
880,0,830,0.982866420829292
950,0,890,0.9828751390745883
750,0,720,0.9828909580947933
820,0,780,0.9828924203590025
890,0,840,0.982897093675466
960,0,900,0.9829036420287186
830,0,790,0.9829247867999238
760,0,730,0.9829259628558232
900,0,850,0.9829271129738756
970,0,910,0.9829315783490844
840,0,800,0.9829564195449975
910,0,860,0.9829564992994381
980,0,920,0.9829589646957531
770,0,740,0.9829601113271906
920,0,870,0.9829852723766931
990,0,930,0.9829858170850677
850,0,810,0.9829873431423443
780,0,750,0.982993434370029
1000,0,940,0.9830121509202785
930,0,880,0.983013451123041
860,0,820,0.9830175810629875
790,0,760,0.9830259613897281
720,0,700,0.9830408127162288
940,0,890,0.9830410536893822
870,0,830,0.9830471557589231
800,0,770,0.9830577204201245
950,0,900,0.9830680974983446
730,0,710,0.9830749630864231
880,0,840,0.9830760887174964
810,0,780,0.9830887382019652
960,0,910,0.9830945992802574
890,0,850,0.9831044005123614
740,0,720,0.9831082534256173
820,0,790,0.9831190402560955
970,0,920,0.9831205751070266
900,0,860,0.9831321108512625
750,0,730,0.9831407156093953
980,0,930,0.9831460404240515
830,0,800,0.9831486509517676
910,0,870,0.9831592386208676
990,0,940,0.9831710100803152
760,0,740,0.9831723799689958
840,0,810,0.9831775935704479
920,0,880,0.9831858019288638
1000,0,950,0.9831954983567623
770,0,750,0.9832032753829091
850,0,820,0.983205890365462
930,0,890,0.9832118181435026
780,0,760,0.9832334293621042
860,0,830,0.9832335626177833
940,0,900,0.9832373039307756
870,0,840,0.9832606306882541
950,0,910,0.9832622752893821
790,0,770,0.9832628681293816
710,0,700,0.9832716904452883
960,0,920,0.9832867475836393
880,0,850,0.9832871140665026
800,0,780,0.9832916166933163
720,0,710,0.9833029535092278
970,0,930,0.983310735574474
890,0,860,0.9833130314167872
810,0,790,0.9833196989172123
730,0,720,0.9833334280045027
980,0,940,0.9833342534486244
900,0,870,0.9833384006209993
820,0,800,0.9833471375834514
990,0,950,0.9833573148461698
740,0,730,0.9833631431765262
910,0,880,0.9833632388190194
830,0,810,0.9833739544535852
1000,0,960,0.9833799328865012
920,0,890,0.9833875624466145
750,0,740,0.9833921268545854
840,0,820,0.9834001703244994
930,0,900,0.9834113872710514
760,0,750,0.9834204055356651
850,0,830,0.9834258050809348
940,0,910,0.9834347284245819
770,0,760,0.9834480044624546
860,0,840,0.9834508777446415
950,0,920,0.9834576004359438
780,0,770,0.9834749476960065
870,0,850,0.9834754065204101
960,0,930,0.9834800172600179
880,0,860,0.9834994088392103
790,0,780,0.9835012581834557
970,0,940,0.9835019923057606
700,0,700,0.9835111689299136
890,0,870,0.9835229013986395
980,0,950,0.9835235384625276
800,0,790,0.9835269578211846
710,0,710,0.983539311575992
990,0,960,0.9835446681248984
900,0,880,0.9835459002008804
810,0,800,0.9835520675137845
1000,0,970,0.9835653932160956
720,0,720,0.9835667464824679
910,0,890,0.9835684205883374
820,0,810,0.9835766072291271
920,0,900,0.9835904772771191
730,0,730,0.9835934997685115
830,0,820,0.9836005960498434
930,0,910,0.9836120843885121
740,0,740,0.9836195962978609
840,0,830,0.9836240522214764
940,0,920,0.9836332554785884
750,0,750,0.9836450597523416
850,0,840,0.9836469931975484
950,0,930,0.9836540035660702
860,0,850,0.9836694356817779
760,0,760,0.983669912700364
960,0,940,0.9836743411585724
870,0,860,0.9836913956676413
770,0,770,0.9836941766607911
970,0,950,0.9836942802773281
880,0,870,0.9837128884754792
980,0,960,0.9837138324805016
780,0,780,0.9837178721625248
990,0,970,0.9837330088851785
890,0,880,0.9837339287873156
790,0,790,0.9837410188001388
1000,0,980,0.9837518201881215
900,0,890,0.9837545306795564
800,0,800,0.983763635285852
910,0,900,0.9837747076537113
700,0,710,0.9837843237125925
810,0,810,0.9837857394981195
920,0,910,0.9837944726652744
820,0,820,0.9838073485270864
710,0,720,0.9838084836907566
930,0,920,0.9838138381508981
830,0,830,0.9838284787171391
720,0,730,0.9838320492399028
940,0,930,0.9838328160539658
840,0,840,0.9838491457067584
950,0,940,0.9838514178486791
730,0,740,0.983855041753964
850,0,850,0.9838693644658767
960,0,950,0.9838696545627535
740,0,750,0.9838774816284687
970,0,960,0.9838875367988197
860,0,860,0.9838891493309129
750,0,760,0.9838993883169493
980,0,970,0.9839050747546091
870,0,870,0.9839085140376467
760,0,770,0.9839207803836678
990,0,980,0.983922278242009
880,0,880,0.9839274717520916
1000,0,990,0.9839391567050577
770,0,780,0.9839416755529298
890,0,890,0.9839460350995003
780,0,790,0.9839620907552321
900,0,900,0.9839642161916302
910,0,910,0.9839820266523949
790,0,800,0.983982042170465
920,0,920,0.9839994776420021
800,0,810,0.9840015452683905
930,0,930,0.9840165798796886
810,0,820,0.9840206148465772
940,0,940,0.9840333436651386
820,0,830,0.9840392650659806
950,0,950,0.984049778898676
830,0,840,0.9840575094843277
700,0,720,0.9840589250959085
960,0,960,0.9840658951003128
840,0,850,0.9840753610874602
710,0,730,0.9840790655135784
970,0,970,0.9840817014277227
850,0,860,0.9840928323187763
980,0,980,0.9840972066932132
720,0,740,0.9840987262166935
860,0,870,0.9841099351069051
990,0,990,0.9841124193797595
730,0,750,0.984117923802957
870,0,880,0.9841266808917261
1000,0,1000,0.984127347656161
740,0,760,0.9841366741331762
880,0,890,0.9841430806488536
750,0,770,0.9841549923702194
890,0,900,0.9841591449126832
760,0,780,0.984172893015662
900,0,910,0.9841748837980998
910,0,920,0.9841903070209314
770,0,790,0.9841903899442649
920,0,930,0.9842054239172359
780,0,800,0.9842074964364196
930,0,940,0.9842202434614911
790,0,810,0.9842242252086946
940,0,950,0.9842347742837646
800,0,820,0.9842405884425903
950,0,960,0.9842490246859239
810,0,830,0.9842565978116269
960,0,970,0.984263002656949
820,0,840,0.9842722645068661
970,0,980,0.9842767158874091
830,0,850,0.984287599260962
980,0,990,0.984290171783145
840,0,860,0.9843026123708379
990,0,1000,0.9843033774782188
850,0,870,0.9843173137190758
860,0,880,0.984331712794093
700,0,730,0.9843348330273883
870,0,890,0.9843458187091891
710,0,740,0.9843509226358166
880,0,900,0.9843596402205288
720,0,750,0.9843666483483537
890,0,910,0.9843731857441284
730,0,760,0.9843820219151395
900,0,920,0.9843864633719043
740,0,770,0.9843970546138792
910,0,930,0.9843994808868486
750,0,780,0.984411757271144
920,0,940,0.9844122457773739
930,0,950,0.9844247652508887
760,0,790,0.984426140282753
940,0,960,0.9844370462466434
770,0,800,0.984440213633242
950,0,970,0.9844490954478926
780,0,810,0.9844539869144548
960,0,980,0.9844609192934144
790,0,820,0.9844674693432772
970,0,990,0.9844725239884253
800,0,830,0.9844806697785438
980,0,1000,0.9844839155149276
810,0,840,0.9844935967371492
820,0,850,0.9845062584093961
830,0,860,0.9845186626736071
840,0,870,0.9845308171100345
850,0,880,0.9845427290141038
860,0,890,0.9845544054090101
870,0,900,0.9845658530577123
880,0,910,0.9845770784743377
890,0,920,0.9845880879350407
900,0,930,0.9845988874883315
910,0,940,0.9846094829649049
700,0,740,0.984611914355404
920,0,950,0.9846198799869967
710,0,750,0.9846239271804939
930,0,960,0.9846300839772855
720,0,760,0.9846356927572549
940,0,970,0.9846401001673682
730,0,770,0.9846472179546847
950,0,980,0.9846499336058298
740,0,780,0.9846585094353977
960,0,990,0.9846595891659231
970,0,1000,0.9846690715528881
750,0,790,0.9846695736591937
760,0,800,0.9846804168870887
770,0,810,0.9846910451857095
780,0,820,0.984701464431953
790,0,830,0.9847116803178464
800,0,840,0.9847216983555415
810,0,850,0.9847315238823893
820,0,860,0.9847411620660572
830,0,870,0.984750617909649
840,0,880,0.9847598962567985
850,0,890,0.9847690017967179
860,0,900,0.9847779390691701
870,0,910,0.9847867124693631
880,0,920,0.9847953262527432
890,0,930,0.9848037845396825
900,0,940,0.9848120913200524
910,0,950,0.9848202504576735
920,0,960,0.9848282656946493
930,0,970,0.9848361406555639
940,0,980,0.9848438788515614
950,0,990,0.9848514836842902
960,0,1000,0.9848589584497232
700,0,750,0.9848900424886439
710,0,760,0.9848979574843542
720,0,770,0.984905742455497
730,0,780,0.9849133993723552
740,0,790,0.9849209302652696
750,0,800,0.9849283372104942
760,0,810,0.984935622317901
770,0,820,0.9849427877203013
780,0,830,0.9849498355641862
790,0,840,0.984956768001715
800,0,850,0.9849635871837942
810,0,860,0.9849702952541155
820,0,870,0.9849768943440372
830,0,880,0.9849833865682074
840,0,890,0.9849897740208317
850,0,900,0.9849960587725186
860,0,910,0.9850022428676204
870,0,920,0.9850083283220173
880,0,930,0.9850143171212868
890,0,940,0.9850202112192111
900,0,950,0.9850260125365826
910,0,960,0.9850317229602702
920,0,970,0.985037344342508
930,0,980,0.9850428785003895
940,0,990,0.9850483272155304
950,0,1000,0.9850536922338846
700,0,760,0.9851690970737479
710,0,770,0.9851728977966462
720,0,780,0.9851766860632002
730,0,790,0.9851804589418087
740,0,800,0.9851842138266979
750,0,810,0.9851879484061794
760,0,820,0.9851916606341184
770,0,830,0.9851953487042734
780,0,840,0.9851990110271885
790,0,850,0.9852026462093725
800,0,860,0.9852062530345208
810,0,870,0.9852098304465616
820,0,880,0.9852133775343465
830,0,890,0.9852168935178073
840,0,900,0.9852203777354338
850,0,910,0.9852238296329394
860,0,920,0.9852272487529921
870,0,930,0.9852306347259102
880,0,940,0.9852339872612225
890,0,950,0.9852373061400094
900,0,960,0.9852405912079549
910,0,970,0.9852438423690293
920,0,980,0.985247059579755
930,0,990,0.985250242843992
940,0,1000,0.9852533922081946
740,0,810,0.9854482616639353
730,0,800,0.9854482945093401
750,0,820,0.9854483123122502
720,0,790,0.9854484175413462
760,0,830,0.9854484402576467
710,0,780,0.9854486379936737
770,0,840,0.9854486397592332
780,0,850,0.9854489054950423
700,0,770,0.9854489636900349
790,0,860,0.9854492325285159
800,0,870,0.9854496162779731
810,0,880,0.9854500524887582
820,0,890,0.9854505372078181
830,0,900,0.9854510667604687
840,0,910,0.9854516377291429
850,0,920,0.9854522469339363
860,0,930,0.9854528914147775
870,0,940,0.9854535684150805
880,0,950,0.9854542753667338
890,0,960,0.9854550098763135
900,0,970,0.985455769712408
910,0,980,0.9854565527939533
920,0,990,0.9854573571794917
930,0,1000,0.9854581810572749
920,0,1000,0.9856681849590343
910,0,990,0.9856698004747625
900,0,980,0.98567149264792
890,0,970,0.985673265316922
880,0,960,0.9856751225465137
870,0,950,0.9856770686434744
860,0,940,0.9856791081735885
850,0,930,0.9856812459799986
840,0,920,0.9856834872030676
830,0,910,0.9856858373018972
820,0,900,0.9856883020776531
810,0,890,0.9856908876988808
800,0,880,0.9856936007289968
790,0,870,0.9856964481561749
780,0,860,0.9856994374258691
770,0,850,0.9857025764762328
760,0,840,0.9857058737767371
750,0,830,0.9857093383703156
740,0,820,0.9857129799194094
730,0,810,0.9857168087563205
720,0,800,0.9857208359383456
710,0,790,0.985725073308202
700,0,780,0.9857295335603408
910,0,1000,0.9858835337003832
900,0,990,0.9858877067473968
890,0,980,0.9858920175758152
880,0,970,0.985896472229506
870,0,960,0.9859010770854889
860,0,950,0.9859058388761551
850,0,940,0.9859107647132309
840,0,930,0.9859158621136456
830,0,920,0.9859211390274786
820,0,910,0.9859266038681769
810,0,900,0.9859322655452586
800,0,890,0.985938133499733
790,0,880,0.9859442177425085
780,0,870,0.9859505288960665
770,0,860,0.9859570782397343
760,0,850,0.9859638777589081
750,0,840,0.9859709401986284
740,0,830,0.9859782791219522
730,0,820,0.9859859089736177
720,0,810,0.9859938451495568
710,0,800,0.9860021040728807
700,0,790,0.9860107032770298
900,0,1000,0.9861043607973607
890,0,990,0.986111213906493
880,0,980,0.9861182700746152
870,0,970,0.9861255377407521
860,0,960,0.9861330257948461
850,0,950,0.9861407436072589
840,0,940,0.9861487010605562
830,0,930,0.9861569085837903
820,0,920,0.9861653771895051
810,0,910,0.9861741185137111
800,0,900,0.9861831448591124
790,0,890,0.9861924692418872
780,0,880,0.9862021054423666
770,0,870,0.9862120680599835
760,0,860,0.9862223725729108
750,0,850,0.9862330354028565
740,0,840,0.9862440739855266
730,0,830,0.9862555068473413
720,0,820,0.9862673536890373
710,0,810,0.986279635476884
700,0,800,0.9862923745423126
890,0,1000,0.9863308036198675
880,0,990,0.9863404638842036
870,0,980,0.9863503968429336
860,0,970,0.9863606135314906
850,0,960,0.9863711255657313
840,0,950,0.9863819451795452
830,0,940,0.9863930852653617
820,0,930,0.9864045594178226
810,0,920,0.9864163819809012
800,0,910,0.9864285680987859
790,0,900,0.9864411337708816
780,0,890,0.9864540959113112
770,0,880,0.9864674724133485
760,0,870,0.9864812822192588
750,0,860,0.9864955453960715
740,0,850,0.9865102832178767
730,0,840,0.9865255182552931
720,0,830,0.9865412744728408
710,0,820,0.9865575773350258
880,0,1000,0.9865630035211985
700,0,810,0.986574453922049
870,0,990,0.9865756027724095
860,0,980,0.9865885489253055
850,0,970,0.9866018558252011
840,0,960,0.9866155380399241
830,0,950,0.9866296109064289
820,0,940,0.9866440905810061
810,0,930,0.9866589940933972
800,0,920,0.9866743394051801
790,0,910,0.986690145472811
780,0,900,0.9867064323157596
770,0,890,0.986723221090211
760,0,880,0.9867405341688724
750,0,870,0.9867583952274677
740,0,860,0.9867768293385745
730,0,850,0.9867958630735316
870,0,1000,0.9868011059725925
720,0,840,0.9868155246132253
860,0,990,0.9868167809647344
850,0,980,0.9868328818621763
710,0,830,0.9868358438686536
840,0,970,0.9868494255465177
700,0,820,0.9868568526122794
830,0,960,0.9868664297774432
820,0,950,0.9868839132493239
810,0,940,0.9869018956521741
800,0,930,0.9869203977373655
790,0,920,0.9869394413885224
780,0,910,0.986959049698077
770,0,900,0.9869792470500203
760,0,890,0.9870000592094155
750,0,880,0.9870215134193399
740,0,870,0.987043638505954
860,0,1000,0.9870452607030149
850,0,990,0.9870641533041487
730,0,860,0.98706646499251
840,0,980,0.9870835558458575
720,0,850,0.9870900252231747
830,0,970,0.9871034884861056
710,0,840,0.9871143534976595
820,0,960,0.9871239724309706
700,0,830,0.9871394862177543
810,0,950,0.9871450300022764
800,0,940,0.9871666847104515
790,0,930,0.9871889613330789
780,0,920,0.9872118859996556
770,0,910,0.9872354862831404
760,0,900,0.9872597912989197
750,0,890,0.9872848318118926
850,0,1000,0.9872956218444078
740,0,880,0.9873106403524583
840,0,990,0.9873178792364079
730,0,870,0.987337251342262
830,0,980,0.9873407358827095
820,0,970,0.9873642154722019
720,0,860,0.9873647012306637
810,0,960,0.987388342927395
710,0,850,0.9873930286429965
800,0,950,0.9874131444842308
700,0,840,0.9874222745418008
790,0,940,0.9874386477780751
780,0,930,0.9874648819364534
770,0,920,0.9874918776791459
760,0,910,0.987519667426321
750,0,900,0.9875482854154677
840,0,1000,0.9875523480826475
740,0,890,0.9875777678279555
830,0,990,0.9875781229695872
820,0,980,0.9876045919618465
730,0,880,0.9876081529261542
810,0,970,0.9876317825491224
720,0,870,0.9876394812021383
800,0,960,0.9876597236568228
710,0,860,0.9876717955391193
790,0,950,0.9876884457392849
700,0,850,0.9877051413868837
780,0,940,0.9877179808802474
770,0,930,0.9877483629012306
760,0,920,0.9877796274785545
750,0,910,0.9878118122698006
830,0,1000,0.9878156028144679
740,0,900,0.987844957050601
820,0,990,0.9878450536399873
810,0,980,0.98787529923065
730,0,890,0.9878791038627485
800,0,970,0.9879063711630633
720,0,880,0.9879142971747168
790,0,960,0.9879383026693898
710,0,870,0.9879505840558072
780,0,950,0.9879711287453112
700,0,860,0.9879880143652736
770,0,940,0.9880048862664276
760,0,930,0.9880396141138656
750,0,920,0.9880753533099461
820,0,1000,0.9880855543106153
740,0,910,0.9881121471648516
810,0,990,0.9881188454847054
730,0,900,0.9881500414353371
800,0,980,0.9881530381774131
790,0,970,0.988188168355528
720,0,890,0.988189084496637
780,0,960,0.9882242738802518
710,0,880,0.9882293275288556
770,0,950,0.9882613946313445
700,0,870,0.9882708247192609
760,0,940,0.9882995726410265
750,0,930,0.9883388522385241
810,0,1000,0.9883623758855167
740,0,920,0.9883792802062564
800,0,990,0.9883996780211686
730,0,910,0.9884209059487518
790,0,980,0.9884379948214372
720,0,900,0.9884637816755104
780,0,970,0.9884773669647452
710,0,890,0.9885079625991605
770,0,960,0.9885178372831337
700,0,880,0.9885535071503934
760,0,950,0.9885594509041538
750,0,940,0.9886022554039641
800,0,1000,0.9886462460737596
740,0,930,0.9886463009726714
790,0,990,0.9886877362339573
730,0,920,0.9886916405930595
780,0,980,0.9887303609109335
720,0,910,0.9887383302339671
770,0,970,0.9887741658354416
710,0,900,0.9887864290597312
760,0,960,0.9888191991728462
700,0,890,0.9888359996572424
750,0,950,0.9888655116844383
740,0,940,0.9889131569015678
790,0,1000,0.9889373488136892
730,0,930,0.9889621913137835
780,0,990,0.9889832107692492
720,0,920,0.9890126745722965
770,0,980,0.9890303341290878
710,0,910,0.9890646697102244
760,0,970,0.9890787700373762
700,0,900,0.9891182433812377
750,0,960,0.9891285723771999
740,0,950,0.989179797953117
730,0,940,0.989232506688317
780,0,1000,0.9892358736384553
770,0,990,0.9892862981372377
720,0,930,0.989286761837725
760,0,980,0.9893381183086793
710,0,920,0.9893426302185772
750,0,970,0.9893913910930452
700,0,910,0.9894001824601288
740,0,960,0.9894461764987631
730,0,950,0.9895025378081971
770,0,1000,0.98954201587485
720,0,940,0.9895605417999686
760,0,990,0.9895972009229035
710,0,930,0.9896202589893803
750,0,980,0.9896539236556491
700,0,920,0.9896817638886725
740,0,970,0.9897122472149926
730,0,960,0.9897722381669479
720,0,950,0.9898339667327428
760,0,1000,0.9898559768502965
710,0,940,0.9898975070386248
750,0,990,0.9899161280055238
700,0,930,0.9899629373861467
740,0,980,0.9899779669820488
730,0,970,0.9900415635531996
720,0,960,0.9901069913009186
710,0,950,0.9901743278744889
750,0,1000,0.9901779641083723
740,0,990,0.9902432947873337
700,0,940,0.9902436552703423
730,0,980,0.9903104719488159
720,0,970,0.9903795724530264
710,0,960,0.9904506773838502
740,0,1000,0.9905081916332653
700,0,950,0.9905238723376758
730,0,990,0.9905789234317789
720,0,980,0.990651669318847
710,0,970,0.9907265137242276
700,0,960,0.9908035457491109
730,0,1000,0.9908468800835843
720,0,990,0.9909232431118091
710,0,980,0.9910017972208656
700,0,970,0.9910826349215787
720,0,1000,0.9911942570359691
710,0,990,0.9912764902687023
700,0,980,0.991361101424612
710,0,1000,0.9915505572389657
700,0,990,0.9916389088819222
700,0,1000,0.991916022877661
